,MAE,RMSE,MAPE,R2
Naive,68165.84947222222,91989.19841023754,6.939125006371268,0.9685833157571273
Seasonal Naive,49947.388694444446,77447.33641965043,5.131016369126506,0.9777310546084685
Moving Average,64496.1306111111,87442.08118629774,6.420529644350196,0.9716124671748357
Random Forest (Train),41791.5945979578,72169.52290204585,4.163896590168439,0.983789579315833
Random Forest (Test),44026.83712094057,60731.05777591808,4.601988054418442,0.9863066922394695
