Model,MAE,RMSE,MAPE
Naive,0.95,1.284523257866513,1.4867667135798652
Seasonal Naive,0.95,1.284523257866513,1.4867667135798652
Moving Average,0.9138888888888889,1.1749704488009711,1.4463772079160409
Random Forest,0.9542836108216205,1.2264064915558177,1.5304137503452022
