YearQuarter,Productivity_Index,BLS_Index_Normalized,Deviation,Deviation_Pct
2012-Q3,100.0,100.0,0.0,0.0
2012-Q4,99.81739500103346,100.0,-0.18260499896653926,-0.18260499896654014
