Year,Quarter,YearQuarter,y_true,y_true_real,Hours_Actual,Implied_Productivity_Nominal,Implied_Productivity_Real,Productivity_Index,BLS_Index,BLS_Index_Normalized
2012,3,2012-Q3,180645544.47,143228140.72588277,962056.7127333333,183.3012728316538,143.8089546348911,100.0,91.321,100.0
2012,4,2012-Q4,184361680.42000002,145822941.82498655,981456.0415555555,183.33713225615554,143.54635229476628,99.81739500103346,91.321,100.0
