IPLH,pct_change,avg_hours,total_hours,min_hours,max_hours
35.0,-30.0,9.884920634920634,1779.2857142857142,9.257142857142856,10.114285714285714
42.5,-15.0,9.552287581699346,1719.4117647058822,9.035294117647059,9.741176470588236
50.0,0.0,9.319444444444445,1677.5,8.88,9.48
57.49999999999999,14.999999999999986,9.147342995169085,1646.5217391304352,8.765217391304349,9.28695652173913
65.0,30.0,9.014957264957264,1622.6923076923076,8.676923076923076,9.138461538461538
