SPLH_Factor,SPLH_Adjusted,Mean_Hours,Median_Hours,Total_Hours
0.8,148.62222222222223,6734.308174614197,6325.333423611111,2424350.942861111
0.9,167.2,5992.273932990398,5628.740820987654,2157218.6158765433
1.0,185.77777777777777,5398.646539691357,5071.466738888889,1943512.7542888888
1.1,204.35555555555555,4912.951399719415,4615.515217171716,1768662.5038989896
1.2,222.93333333333334,4508.205449742798,4235.555615740741,1622953.9619074073
